{"cameraMode":{"drawMode":0,"name":"Shaded","section":"Shading Mode"},"sceneLighting":true,"audioPlay":false,"sceneViewState":{"m_AlwaysRefresh":false,"showFog":true,"showSkybox":true,"showFlares":true,"showImageEffects":true,"showParticleSystems":true,"showVisualEffectGraphs":true,"m_FxEnabled":true},"in2DMode":false,"pivot":{"x":-1.2146496772766114,"y":0.5964728593826294,"z":4.672247886657715},"rotation":{"x":0.44518300890922549,"y":0.008059904910624028,"z":-0.004006258677691221,"w":0.8953951597213745},"size":2.7794570922851564,"orthographic":false}